[
 {
  "RuleID": "generic-password",
  "Description": "Contraseña en default Terraform",
  "StartLine": 3,
  "EndLine": 3,
  "StartColumn": 4,
  "EndColumn": 24,
  "Match": "REDACTED",
  "Secret": "REDACTED",
  "File": "terraform-defectdojo/variables.tf",
  "SymlinkFile": "",
  "Commit": "9c317258f13e2a112b8179a6be0cb6f0b1929f89",
  "Link": "https://gitlab.com/testing-labs/lab9-iac-secops/blob/9c317258f13e2a112b8179a6be0cb6f0b1929f89/terraform-defectdojo/variables.tf#L3",
  "Entropy": 3.6897037,
  "Author": "llaves2625",
  "Email": "magagnotticla@gmail.com",
  "Date": "2025-11-16T01:02:58Z",
  "Message": "sync",
  "Tags": [
   "password",
   "terraform"
  ],
  "Fingerprint": "9c317258f13e2a112b8179a6be0cb6f0b1929f89:terraform-defectdojo/variables.tf:generic-password:3"
 },
 {
  "RuleID": "generic-password",
  "Description": "Contraseña en default Terraform",
  "StartLine": 8,
  "EndLine": 8,
  "StartColumn": 4,
  "EndColumn": 23,
  "Match": "REDACTED",
  "Secret": "REDACTED",
  "File": "terraform-defectdojo/variables.tf",
  "SymlinkFile": "",
  "Commit": "9c317258f13e2a112b8179a6be0cb6f0b1929f89",
  "Link": "https://gitlab.com/testing-labs/lab9-iac-secops/blob/9c317258f13e2a112b8179a6be0cb6f0b1929f89/terraform-defectdojo/variables.tf#L8",
  "Entropy": 3.821928,
  "Author": "llaves2625",
  "Email": "magagnotticla@gmail.com",
  "Date": "2025-11-16T01:02:58Z",
  "Message": "sync",
  "Tags": [
   "password",
   "terraform"
  ],
  "Fingerprint": "9c317258f13e2a112b8179a6be0cb6f0b1929f89:terraform-defectdojo/variables.tf:generic-password:8"
 },
 {
  "RuleID": "generic-password",
  "Description": "Contraseña en default Terraform",
  "StartLine": 13,
  "EndLine": 13,
  "StartColumn": 4,
  "EndColumn": 44,
  "Match": "REDACTED",
  "Secret": "REDACTED",
  "File": "terraform-defectdojo/variables.tf",
  "SymlinkFile": "",
  "Commit": "9c317258f13e2a112b8179a6be0cb6f0b1929f89",
  "Link": "https://gitlab.com/testing-labs/lab9-iac-secops/blob/9c317258f13e2a112b8179a6be0cb6f0b1929f89/terraform-defectdojo/variables.tf#L13",
  "Entropy": 4.034024,
  "Author": "llaves2625",
  "Email": "magagnotticla@gmail.com",
  "Date": "2025-11-16T01:02:58Z",
  "Message": "sync",
  "Tags": [
   "password",
   "terraform"
  ],
  "Fingerprint": "9c317258f13e2a112b8179a6be0cb6f0b1929f89:terraform-defectdojo/variables.tf:generic-password:13"
 },
 {
  "RuleID": "generic-password",
  "Description": "Contraseña en default Terraform",
  "StartLine": 18,
  "EndLine": 18,
  "StartColumn": 4,
  "EndColumn": 108,
  "Match": "REDACTED",
  "Secret": "REDACTED",
  "File": "terraform-defectdojo/variables.tf",
  "SymlinkFile": "",
  "Commit": "9c317258f13e2a112b8179a6be0cb6f0b1929f89",
  "Link": "https://gitlab.com/testing-labs/lab9-iac-secops/blob/9c317258f13e2a112b8179a6be0cb6f0b1929f89/terraform-defectdojo/variables.tf#L18",
  "Entropy": 4.633506,
  "Author": "llaves2625",
  "Email": "magagnotticla@gmail.com",
  "Date": "2025-11-16T01:02:58Z",
  "Message": "sync",
  "Tags": [
   "password",
   "terraform"
  ],
  "Fingerprint": "9c317258f13e2a112b8179a6be0cb6f0b1929f89:terraform-defectdojo/variables.tf:generic-password:18"
 },
 {
  "RuleID": "generic-password",
  "Description": "Contraseña en default Terraform",
  "StartLine": 8,
  "EndLine": 8,
  "StartColumn": 4,
  "EndColumn": 24,
  "Match": "REDACTED",
  "Secret": "REDACTED",
  "File": "variables.tf",
  "SymlinkFile": "",
  "Commit": "9c317258f13e2a112b8179a6be0cb6f0b1929f89",
  "Link": "https://gitlab.com/testing-labs/lab9-iac-secops/blob/9c317258f13e2a112b8179a6be0cb6f0b1929f89/variables.tf#L8",
  "Entropy": 3.6897037,
  "Author": "llaves2625",
  "Email": "magagnotticla@gmail.com",
  "Date": "2025-11-16T01:02:58Z",
  "Message": "sync",
  "Tags": [
   "password",
   "terraform"
  ],
  "Fingerprint": "9c317258f13e2a112b8179a6be0cb6f0b1929f89:variables.tf:generic-password:8"
 },
 {
  "RuleID": "generic-password",
  "Description": "Contraseña en default Terraform",
  "StartLine": 13,
  "EndLine": 13,
  "StartColumn": 4,
  "EndColumn": 46,
  "Match": "REDACTED",
  "Secret": "REDACTED",
  "File": "variables.tf",
  "SymlinkFile": "",
  "Commit": "9c317258f13e2a112b8179a6be0cb6f0b1929f89",
  "Link": "https://gitlab.com/testing-labs/lab9-iac-secops/blob/9c317258f13e2a112b8179a6be0cb6f0b1929f89/variables.tf#L13",
  "Entropy": 4.2000074,
  "Author": "llaves2625",
  "Email": "magagnotticla@gmail.com",
  "Date": "2025-11-16T01:02:58Z",
  "Message": "sync",
  "Tags": [
   "password",
   "terraform"
  ],
  "Fingerprint": "9c317258f13e2a112b8179a6be0cb6f0b1929f89:variables.tf:generic-password:13"
 },
 {
  "RuleID": "generic-password",
  "Description": "Contraseña en default Terraform",
  "StartLine": 18,
  "EndLine": 18,
  "StartColumn": 4,
  "EndColumn": 45,
  "Match": "REDACTED",
  "Secret": "REDACTED",
  "File": "variables.tf",
  "SymlinkFile": "",
  "Commit": "9c317258f13e2a112b8179a6be0cb6f0b1929f89",
  "Link": "https://gitlab.com/testing-labs/lab9-iac-secops/blob/9c317258f13e2a112b8179a6be0cb6f0b1929f89/variables.tf#L18",
  "Entropy": 4.254831,
  "Author": "llaves2625",
  "Email": "magagnotticla@gmail.com",
  "Date": "2025-11-16T01:02:58Z",
  "Message": "sync",
  "Tags": [
   "password",
   "terraform"
  ],
  "Fingerprint": "9c317258f13e2a112b8179a6be0cb6f0b1929f89:variables.tf:generic-password:18"
 },
 {
  "RuleID": "generic-password",
  "Description": "Contraseña en default Terraform",
  "StartLine": 28,
  "EndLine": 28,
  "StartColumn": 4,
  "EndColumn": 35,
  "Match": "REDACTED",
  "Secret": "REDACTED",
  "File": "variables.tf",
  "SymlinkFile": "",
  "Commit": "9c317258f13e2a112b8179a6be0cb6f0b1929f89",
  "Link": "https://gitlab.com/testing-labs/lab9-iac-secops/blob/9c317258f13e2a112b8179a6be0cb6f0b1929f89/variables.tf#L28",
  "Entropy": 4.0542293,
  "Author": "llaves2625",
  "Email": "magagnotticla@gmail.com",
  "Date": "2025-11-16T01:02:58Z",
  "Message": "sync",
  "Tags": [
   "password",
   "terraform"
  ],
  "Fingerprint": "9c317258f13e2a112b8179a6be0cb6f0b1929f89:variables.tf:generic-password:28"
 },
 {
  "RuleID": "generic-password",
  "Description": "Contraseña en default Terraform",
  "StartLine": 3,
  "EndLine": 3,
  "StartColumn": 4,
  "EndColumn": 24,
  "Match": "REDACTED",
  "Secret": "REDACTED",
  "File": "terraform-ingress/variables.tf",
  "SymlinkFile": "",
  "Commit": "9c317258f13e2a112b8179a6be0cb6f0b1929f89",
  "Link": "https://gitlab.com/testing-labs/lab9-iac-secops/blob/9c317258f13e2a112b8179a6be0cb6f0b1929f89/terraform-ingress/variables.tf#L3",
  "Entropy": 3.6897037,
  "Author": "llaves2625",
  "Email": "magagnotticla@gmail.com",
  "Date": "2025-11-16T01:02:58Z",
  "Message": "sync",
  "Tags": [
   "password",
   "terraform"
  ],
  "Fingerprint": "9c317258f13e2a112b8179a6be0cb6f0b1929f89:terraform-ingress/variables.tf:generic-password:3"
 },
 {
  "RuleID": "generic-password",
  "Description": "Contraseña en default Terraform",
  "StartLine": 8,
  "EndLine": 8,
  "StartColumn": 4,
  "EndColumn": 23,
  "Match": "REDACTED",
  "Secret": "REDACTED",
  "File": "terraform-ingress/variables.tf",
  "SymlinkFile": "",
  "Commit": "9c317258f13e2a112b8179a6be0cb6f0b1929f89",
  "Link": "https://gitlab.com/testing-labs/lab9-iac-secops/blob/9c317258f13e2a112b8179a6be0cb6f0b1929f89/terraform-ingress/variables.tf#L8",
  "Entropy": 3.821928,
  "Author": "llaves2625",
  "Email": "magagnotticla@gmail.com",
  "Date": "2025-11-16T01:02:58Z",
  "Message": "sync",
  "Tags": [
   "password",
   "terraform"
  ],
  "Fingerprint": "9c317258f13e2a112b8179a6be0cb6f0b1929f89:terraform-ingress/variables.tf:generic-password:8"
 },
 {
  "RuleID": "generic-password",
  "Description": "Contraseña en default Terraform",
  "StartLine": 13,
  "EndLine": 13,
  "StartColumn": 4,
  "EndColumn": 46,
  "Match": "REDACTED",
  "Secret": "REDACTED",
  "File": "terraform-ingress/variables.tf",
  "SymlinkFile": "",
  "Commit": "9c317258f13e2a112b8179a6be0cb6f0b1929f89",
  "Link": "https://gitlab.com/testing-labs/lab9-iac-secops/blob/9c317258f13e2a112b8179a6be0cb6f0b1929f89/terraform-ingress/variables.tf#L13",
  "Entropy": 4.2000074,
  "Author": "llaves2625",
  "Email": "magagnotticla@gmail.com",
  "Date": "2025-11-16T01:02:58Z",
  "Message": "sync",
  "Tags": [
   "password",
   "terraform"
  ],
  "Fingerprint": "9c317258f13e2a112b8179a6be0cb6f0b1929f89:terraform-ingress/variables.tf:generic-password:13"
 }
]
